1152,32.42100143432617,10.862000465393066
1153,85.83899688720703,60.83599853515625
1154,12.982000350952148,23.344999313354492
1155,-31.46299934387207,-61.755001068115234
1156,90.7760009765625,38.67599868774414
1157,71.48600006103516,-50.465999603271484
1158,-41.06700134277344,53.96500015258789
1159,14.04699993133545,-65.53399658203125
1160,86.51100158691406,33.95199966430664
1161,-96.03600311279297,-29.802000045776367
1162,-45.882999420166016,8.470000267028809
1163,50.1619987487793,81.37799835205078
1164,-30.615999221801758,120.4010009765625
1165,96.6729965209961,60.3849983215332
1166,117.06300354003906,25.733999252319336
1167,-19.072999954223633,59.064998626708984
1168,-8.70300006866455,23.424999237060547
1169,-64.88700103759766,-52.99100112915039
1170,4.710000038146973,-50.29899978637695
1171,51.053001403808594,57.459999084472656
1172,3.0869998931884766,66.9469985961914
1173,-28.801000595092773,82.5790023803711
1174,80.48999786376953,21.531999588012695
1175,-33.77399826049805,75.3479995727539
1176,6.182000160217285,45.95399856567383
1177,35.88199996948242,-47.560001373291016
1178,77.87000274658203,27.482999801635742
1179,76.94400024414063,70.27200317382813
1180,83.45700073242188,29.275999069213867
1181,15.798999786376953,99.08000183105469
1182,-10.427000045776367,-62.659000396728516
1183,-39.516998291015625,66.05400085449219
1184,98.28600311279297,-6.955999851226807
1185,100.07499694824219,6.961999893188477
1186,-41.810001373291016,-39.68899917602539
1187,0.21899999678134918,33.95899963378906
1188,45.09299850463867,-118.66600036621094
1189,74.90399932861328,-40.53099822998047
1190,-68.82599639892578,43.91600036621094
1191,31.38800048828125,-110.18199920654297
1192,25.194000244140625,70.2229995727539
1193,-64.77400207519531,71.71099853515625
1194,17.40399932861328,48.119998931884766
1195,52.36199951171875,16.35700035095215
1196,-69.30000305175781,63.060001373291016
1197,-4.0,-12.859000205993652
1198,21.399999618530273,69.81199645996094
1199,-31.173999786376953,-12.196999549865723
1200,-5.172999858856201,16.718000411987305
1201,-13.178999900817871,24.406999588012695
1202,-50.95000076293945,-58.32099914550781
1203,-45.53099822998047,-22.374000549316406
1204,67.9010009765625,-46.895999908447266
1205,3.2190001010894775,24.908000946044922
1206,54.176998138427734,-63.801998138427734
1207,-20.04400062561035,15.102999687194824
1208,-116.50499725341797,-41.04999923706055
1209,11.461999893188477,53.47800064086914
1210,-33.86800003051758,-37.73899841308594
1211,-55.69499969482422,105.36199951171875
1212,15.982999801635742,-12.444000244140625
1213,9.49899959564209,-30.270000457763672
1214,-28.636999130249023,-6.061999797821045
1215,21.825000762939453,-8.291999816894531
1216,39.79800033569336,-30.131999969482422
1217,16.891000747680664,-34.30400085449219
1218,26.479999542236328,-41.17399978637695
1219,-6.866000175476074,-14.569000244140625
1220,39.236000061035156,-20.375999450683594
1221,30.773000717163086,-23.454500198364258
1222,10.854999542236328,-44.308998107910156
1223,3.502000093460083,-46.15599822998047
1224,-7.665999889373779,4.881999969482422
1225,27.790000915527344,3.246000051498413
1226,7.395999908447266,7.330999851226807
1227,30.429000854492188,-41.9379997253418
1228,4.888000011444092,-8.281999588012695
1229,-21.405000686645508,1.7259999513626099
1230,36.29450225830078,-28.567501068115234
1231,23.330501556396484,5.234499931335449
1232,-10.826000213623047,12.357000350952148
1233,-17.481000900268555,8.854000091552734
1234,11.361000061035156,-15.522000312805176
1235,19.218000411987305,-2.984999895095825
1236,19.854999542236328,-42.430999755859375
1237,3.5739998817443848,-32.75699996948242
1238,21.222999572753906,-20.929000854492188
1239,-13.498000144958496,-21.768999099731445
1240,-26.118000030517578,11.055000305175781
1241,-11.548999786376953,20.826000213623047
1242,-21.461999893188477,-41.39799880981445
1243,27.429000854492188,-9.72700023651123
1244,17.56100082397461,16.290000915527344
1245,27.858999252319336,21.097999572753906
1246,-40.10200119018555,8.532999992370605
1247,16.006999969482422,-54.11399841308594
1248,43.11800003051758,-18.398000717163086
1249,13.786999702453613,-22.56999969482422
1250,10.476499557495117,14.086999893188477
1251,1.2269999980926514,8.89799976348877
1252,7.445000171661377,-20.290000915527344
1253,20.9685001373291,12.072999954223633
1254,7.449999809265137,-35.51599884033203
1255,21.006000518798828,-53.92300033569336
1256,40.64250183105469,0.5665000081062317
1257,-35.33100128173828,-16.275999069213867
1258,-27.097999572753906,-13.08899974822998
1259,39.03900146484375,-37.86899948120117
1260,0.03200000151991844,-18.24799919128418
1261,52.73899841308594,-28.597999572753906
1262,-35.99199676513672,-8.258500099182129
1263,-64.13899993896484,1.8380000591278076
1264,74.13899993896484,-49.38800048828125
1265,43.909000396728516,-36.380001068115234
1266,-43.82400131225586,16.375
1267,-36.430999755859375,3.1679999828338623
1268,-33.2869987487793,-0.6000000238418579
1269,-2.375999927520752,-37.07899856567383
1270,-54.03499984741211,-24.76799964904785
1271,42.90299987792969,-24.329999923706055
1272,33.444000244140625,-16.54400062561035
1273,25.613000869750977,10.682999610900879
1274,-25.60300064086914,6.801000118255615
1275,46.20199966430664,-12.847000122070313
1276,37.48099899291992,-5.831999778747559
1277,49.538002014160156,-33.26799774169922
1278,5.391499996185303,21.20599937438965
1279,54.244998931884766,-13.22599983215332
1280,-32.12699890136719,-20.788000106811523
1281,19.85700035095215,27.527999877929688
1282,24.270999908447266,27.072999954223633
1283,20.707000732421875,-43.5099983215332
1284,-38.5620002746582,-21.59600067138672
1285,64.23699951171875,-39.97100067138672
1286,-43.29399871826172,-7.02400016784668
1287,-14.6899995803833,26.26300048828125
1288,10.833999633789063,-66.6760025024414
1289,-49.23500061035156,-21.94499969482422
1290,52.63100051879883,-21.844999313354492
1291,33.31100082397461,-2.622999906539917
1292,-58.597999572753906,8.462499618530273
1293,66.60700225830078,-22.118999481201172
1294,9.215999603271484,-63.46900177001953
1295,-13.753000259399414,45.382999420166016
1296,-42.11000061035156,0.46000000834465027
1297,-18.285999298095703,-20.079999923706055
1298,-33.46200180053711,39.00199890136719
1299,-45.02349853515625,11.802499771118164
1300,63.308998107910156,-31.947999954223633
1301,40.72800064086914,-46.652000427246094
1302,77.68000030517578,-55.87900161743164
1303,-60.527000427246094,12.215999603271484
1304,-46.32550048828125,-39.743499755859375
1305,2.5959999561309814,18.797000885009766
1306,35.17399978637695,2.487499952316284
1307,-72.22599792480469,19.582000732421875
1308,-16.92300033569336,-13.260000228881836
1309,-47.9010009765625,22.922500610351563
1310,29.30900001525879,-52.6619987487793
1311,-45.02799987792969,-32.237998962402344
1312,53.80699920654297,-7.186999797821045
1313,22.863000869750977,19.04800033569336
1314,-55.292999267578125,30.655000686645508
1315,-33.547000885009766,14.847999572753906
1316,36.90299987792969,-12.977999687194824
1317,-6.252999782562256,-40.058998107910156
1318,-9.282499313354492,-57.76449966430664
1319,45.77299880981445,6.394000053405762
1320,-5.047999858856201,37.483001708984375
1321,7.638000011444092,41.79399871826172
1322,-31.309999465942383,6.485000133514404
1323,56.33100128173828,-52.624000549316406
1324,-9.331000328063965,-49.14500045776367
1325,-24.29199981689453,-23.451000213623047
1326,77.9645004272461,-38.316497802734375
1327,-52.722999572753906,24.129501342773438
1328,-61.20100021362305,-24.893999099731445
1329,69.18099975585938,-54.46900177001953
1330,47.1609992980957,-49.3120002746582
1331,-79.05000305175781,18.851999282836914
1332,-64.88600158691406,-30.770999908447266
1333,-99.0510025024414,22.141000747680664
1334,11.289999961853027,31.3439998626709
1335,-67.91100311279297,36.36800003051758
1336,47.159000396728516,-44.90800094604492
1337,3.565999984741211,-23.184999465942383
1338,55.88399887084961,-17.871999740600586
1339,59.305999755859375,-60.29899978637695
1340,71.96600341796875,-20.424999237060547
1341,62.077999114990234,-8.619000434875488
1342,-9.131999969482422,28.676000595092773
1343,33.26300048828125,13.932000160217285
1344,-87.16400146484375,29.476999282836914
1345,-43.23400115966797,-17.042999267578125
1346,-48.7859992980957,0.05999999865889549
1347,-62.189998626708984,21.288000106811523
1348,-78.58300018310547,28.797000885009766
1349,-90.93000030517578,32.65999984741211
1350,-42.237998962402344,25.420000076293945
1351,-84.68150329589844,42.33000183105469
1352,-60.78700256347656,45.971500396728516
1353,-87.64800262451172,37.415000915527344
1354,2.5460000038146973,-73.62200164794922
1355,-62.25600051879883,38.909000396728516
1356,-46.904998779296875,4.961999893188477
1357,61.5359992980957,-24.597000122070313
1358,48.957000732421875,-36.439998626708984
1359,1.8530000448226929,-54.6510009765625
1360,-36.23099899291992,-29.367000579833984
1361,-50.21949768066406,-11.031499862670898
1362,42.66299819946289,-53.237998962402344
1363,58.03300094604492,-4.414000034332275
1364,-29.711999893188477,20.45199966430664
1365,7.9120001792907715,-54.3489990234375
1366,1.9079999923706055,41.71699905395508
1367,62.132999420166016,-73.26799774169922
1368,63.17499923706055,11.079999923706055
1369,-30.906999588012695,-29.275999069213867
1370,-19.06100082397461,21.679000854492188
1371,-21.368000030517578,57.43199920654297
1372,-90.43299865722656,15.976499557495117
1373,-71.03600311279297,30.78700065612793
1374,-97.1969985961914,15.321000099182129
1375,-54.89899826049805,38.909000396728516
1376,-65.91799926757813,12.944000244140625
1377,-73.58200073242188,36.5989990234375
1378,-53.3849983215332,-2.515000104904175
1379,46.180999755859375,17.41699981689453
1380,38.10900115966797,25.944000244140625
1381,-22.925498962402344,26.221500396728516
1382,20.914501190185547,33.329498291015625
1383,-2.4724998474121094,-63.5364990234375
1384,-54.69499969482422,51.7135009765625
1385,29.270999908447266,45.887001037597656
1386,89.1050033569336,-33.95800018310547
1387,71.6719970703125,15.23799991607666
1388,-25.299999237060547,-30.917999267578125
1389,-70.25849914550781,-14.375
1390,-3.7119998931884766,-92.59500122070313
1391,5.7769999504089355,36.650001525878906
1392,-9.26200008392334,-30.054000854492188
1393,-13.800999641418457,-39.21900177001953
1394,-73.12999725341797,25.884000778198242
1395,-59.630001068115234,-10.52400016784668
1396,-28.87299919128418,33.88600158691406
1397,21.323999404907227,-65.34700012207031
1398,82.94300079345703,1.121999979019165
1399,-64.90299987792969,49.882999420166016
1400,63.334999084472656,-1.3009999990463257
1401,-52.685001373291016,-43.70800018310547
1402,-17.90399932861328,36.63999938964844
1403,-65.4260025024414,-19.649999618530273
1404,-70.50900268554688,13.963000297546387
1405,-77.22799682617188,43.96200180053711
1406,43.1619987487793,14.975000381469727
1407,-104.70500183105469,17.780000686645508
1408,32.861000061035156,27.020999908447266
1409,54.284000396728516,-66.49600219726563
1410,28.184999465942383,-59.689998626708984
1411,19.722999572753906,-60.37300109863281
1412,90.4020004272461,-20.656999588012695
1413,60.433998107910156,-81.6969985961914
1414,-88.53600311279297,7.630000114440918
1415,66.94100189208984,-77.59199523925781
1416,-3.7704999446868896,-70.57949829101563
1417,-34.507999420166016,-40.9640007019043
1418,-38.77899932861328,-44.930999755859375
1419,9.402000427246094,-73.99099731445313
1420,70.4990005493164,-28.433000564575195
1421,-78.55799865722656,51.321998596191406
1422,-0.024000000208616257,-66.18599700927734
1423,-68.28299713134766,-7.701000213623047
1424,66.33999633789063,-59.6150016784668
1425,-18.791000366210938,-59.938499450683594
1426,-29.365999221801758,27.86400032043457
1427,-85.00199890136719,13.11299991607666
1428,-47.952999114990234,49.141998291015625
1429,3.7219998836517334,-84.8499984741211
1430,-41.18299865722656,57.23099899291992
1431,49.67599868774414,0.05299999937415123
1432,-19.618000030517578,30.124500274658203
1433,-2.434000015258789,49.06999969482422
1434,44.45800018310547,27.388999938964844
1435,-1.7230000495910645,-59.347999572753906
1436,-45.11000061035156,-45.643001556396484
1437,52.84700012207031,18.47599983215332
1438,65.79900360107422,18.882999420166016
1439,-52.14099884033203,69.65699768066406
1440,24.118999481201172,36.40299987792969
1441,67.13600158691406,5.940000057220459
1442,-24.27199935913086,39.525001525878906
1443,15.107000350952148,40.108001708984375
1444,-60.69200134277344,-45.65800094604492
1445,13.895000457763672,49.20399856567383
1446,34.26499938964844,33.643001556396484
1447,-52.92100143432617,-35.87799835205078
1448,71.77200317382813,-11.652999877929688
1449,-17.881999969482422,51.79899978637695
1450,36.05799865722656,45.76599884033203
1451,72.83599853515625,1.99399995803833
1452,41.75600051879883,-59.03799819946289
1453,-42.00600051879883,36.96699905395508
1454,-71.9729995727539,-25.079999923706055
1455,-77.28199768066406,0.9929999709129333
1456,55.246002197265625,-83.69450378417969
1457,55.36600112915039,6.302000045776367
1458,8.87399959564209,-83.3949966430664
1459,38.196998596191406,-63.520999908447266
1460,58.75,11.163999557495117
1461,-30.0625,53.394996643066406
1462,-104.5679931640625,1.937000036239624
1463,-70.1729965209961,55.361000061035156
1464,47.722999572753906,-77.23699951171875
1465,-55.54999923706055,-55.928001403808594
1466,-98.38300323486328,-1.090000033378601
1467,39.07899856567383,55.569000244140625
1468,-94.54299926757813,6.421999931335449
1469,-31.648000717163086,-59.03499984741211
1470,-26.63800048828125,-75.49199676513672
1471,42.83399963378906,-73.2490005493164
1472,56.3489990234375,24.40999984741211
1473,-31.687999725341797,-43.07899856567383
1474,77.7509994506836,-18.142000198364258
1475,18.63800048828125,-71.1719970703125
1476,-47.19200134277344,-56.72200012207031
1477,-17.77750015258789,-76.19650268554688
1478,-78.79499816894531,8.760000228881836
1479,71.54000091552734,32.382999420166016
1480,34.048500061035156,-77.99250030517578
1481,77.51000213623047,9.720000267028809
1482,-30.7549991607666,58.167999267578125
1483,-26.690000534057617,46.972999572753906
1484,-65.86349487304688,65.43400573730469
1485,-55.108001708984375,81.71900177001953
1486,-11.892000198364258,-64.98600006103516
1487,-82.08499908447266,-18.43899917602539
1488,81.11100006103516,15.33899974822998
1489,-19.645000457763672,-51.59600067138672
1490,82.50299835205078,-26.256999969482422
1491,46.845001220703125,50.29199981689453
1492,-55.5260009765625,65.62699890136719
1493,-79.50599670410156,-24.154499053955078
1494,-4.748000144958496,-83.34600067138672
1495,-10.97599983215332,52.59000015258789
1496,-61.44000244140625,-36.86900329589844
1497,-20.42099952697754,80.81400299072266
1498,21.922000885009766,53.80099868774414
1499,-29.2549991607666,-53.18000030517578
1500,13.5,54.2130012512207
1501,-107.64800262451172,-6.355999946594238
1502,66.51100158691406,28.07699966430664
1503,-102.60299682617188,-7.210999965667725
1504,16.017000198364258,65.96499633789063
1505,-34.79199981689453,47.047000885009766
1506,21.069000244140625,-78.5
1507,-75.2770004272461,-41.53200149536133
1508,30.509000778198242,53.40700149536133
1509,-3.000999927520752,-99.49199676513672
1510,41.49399948120117,33.720001220703125
1511,32.290000915527344,-70.22200012207031
1512,-102.21099853515625,-13.189000129699707
1513,-76.81700134277344,60.70100021362305
1514,45.667999267578125,-64.59200286865234
1515,-42.24800109863281,64.86349487304688
1516,-43.599998474121094,-64.27400207519531
1517,71.74600219726563,40.82400131225586
1518,78.9010009765625,-2.444999933242798
1519,-90.68599700927734,1.1239999532699585
1520,-69.52300262451172,-40.88999938964844
1521,-40.64099884033203,-57.702999114990234
1522,-22.012500762939453,-82.67500305175781
1523,59.422000885009766,29.150999069213867
1524,-52.595001220703125,-62.827999114990234
1525,71.20099639892578,22.406999588012695
1526,-14.527000427246094,-86.53600311279297
1527,64.94400024414063,-15.755999565124512
1528,-84.9280014038086,-31.483999252319336
1529,-81.79949951171875,-11.807499885559082
1530,-78.08999633789063,-9.595000267028809
1531,-62.779998779296875,55.04199981689453
1532,89.66000366210938,16.722999572753906
1533,-57.617000579833984,59.78499984741211
1534,26.56999969482422,-70.30500030517578
1535,-9.217000007629395,-77.49099731445313
1536,-46.98699951171875,54.99399948120117
1537,48.43299865722656,62.03900146484375
1538,83.94000244140625,-6.184000015258789
1539,-61.90599822998047,-61.72850036621094
1540,38.86399841308594,-88.11900329589844
1541,-19.513999938964844,70.92400360107422
1542,48.68000030517578,40.21900177001953
1543,-41.51100158691406,-84.56999969482422
1544,-52.141998291015625,77.90699768066406
1545,-5.798999786376953,56.53099822998047
1546,-25.232999801635742,66.06800079345703
1547,-8.718000411987305,-92.66300201416016
1548,55.992000579833984,-93.28399658203125
1549,6.963500022888184,55.29750061035156
1550,-41.19599914550781,70.11750030517578
1551,-0.7160000205039978,70.29900360107422
1552,36.84000015258789,63.762001037597656
1553,22.434999465942383,63.46900177001953
1554,-71.51200103759766,-32.290000915527344
1555,11.35200023651123,61.367000579833984
1556,51.80500030517578,-102.13500213623047
1557,40.941001892089844,-92.27300262451172
1558,-68.48999786376953,-54.150001525878906
1559,21.47249984741211,-84.16349792480469
1560,49.327999114990234,34.145999908447266
1561,43.560001373291016,64.10800170898438
1562,26.569000244140625,-85.1875
1563,-24.44700050354004,-61.630001068115234
1564,-73.93899536132813,-47.07250213623047
1565,78.53800201416016,49.30500030517578
1566,90.59449768066406,-5.428000450134277
1567,94.43600463867188,-11.138999938964844
1568,-94.5989990234375,-34.62200164794922
1569,-101.04850006103516,-19.34149932861328
1570,77.09400177001953,32.91999816894531
1571,-48.518001556396484,-67.1729965209961
1572,95.28600311279297,7.419000148773193
1573,-36.64500045776367,-69.34500122070313
1574,-77.29000091552734,-29.891000747680664
1575,32.895999908447266,-84.76100158691406
1576,94.04199981689453,27.336000442504883
1577,-90.3499984741211,-11.479000091552734
1578,56.48899841308594,79.1780014038086
1579,62.560001373291016,35.9640007019043
1580,-26.301000595092773,-67.35199737548828
1581,-57.47100067138672,-70.42900085449219
1582,70.1259994506836,69.53800201416016
1583,91.66600036621094,2.7339999675750732
1584,55.138999938964844,72.68099975585938
1585,-46.61800003051758,76.8499984741211
1586,-24.559999465942383,80.73699951171875
1587,-78.43800354003906,-58.040000915527344
1588,-60.43600082397461,77.12799835205078
1589,15.732000350952148,-91.64299774169922
1590,-32.97200012207031,70.08499908447266
1591,60.21200180053711,50.215999603271484
1592,30.06100082397461,-91.59600067138672
1593,-69.73699951171875,-60.7130012512207
1594,53.73400115966797,38.676998138427734
1595,7.656000137329102,-91.7020034790039
1596,47.92100143432617,-82.1050033569336
1597,51.26349639892578,-93.76449584960938
1598,7.613999843597412,66.70800018310547
1599,-31.929000854492188,-78.76499938964844
1600,26.770999908447266,60.21500015258789
1601,5.951000213623047,52.09199905395508
1602,-34.36000061035156,85.572998046875
1603,-40.84299850463867,-78.86299896240234
1604,-6.498000144958496,68.55699920654297
1605,-43.73699951171875,83.93000030517578
1606,-79.21049499511719,-46.01350021362305
1607,-117.83899688720703,-21.327999114990234
1608,31.513999938964844,71.29499816894531
1609,83.38899993896484,7.204999923706055
1610,52.45000076293945,46.345001220703125
1611,-91.10800170898438,-22.549999237060547
1612,-85.56300354003906,-9.029000282287598
1613,69.92050170898438,47.93000030517578
1614,-73.46399688720703,-73.20899963378906
1615,84.23799896240234,40.40299987792969
1616,94.69499969482422,20.121999740600586
1617,3.134999990463257,-98.00399780273438
1618,-63.78499984741211,-72.06700134277344
1619,89.0719985961914,45.39500045776367
1620,85.30000305175781,20.941999435424805
1621,-77.718505859375,-37.56500244140625
1622,56.606998443603516,64.69599914550781
1623,-86.13400268554688,-36.402000427246094
1624,-44.415000915527344,92.35399627685547
1625,71.50900268554688,53.354000091552734
1626,-30.68400001525879,-85.3550033569336
1627,-15.892000198364258,-96.46099853515625
1628,34.654998779296875,-88.6719970703125
1629,-65.24099731445313,73.50599670410156
1630,-21.047000885009766,-88.79299926757813
1631,-17.801000595092773,61.62900161743164
1632,43.630001068115234,78.43900299072266
1633,-49.893001556396484,-72.23899841308594
1634,-26.26300048828125,75.3290023803711
1635,-9.779000282287598,60.459999084472656
1636,-74.18000030517578,68.78700256347656
1637,-114.39199829101563,-32.20600128173828
1638,33.36800003051758,-115.03500366210938
1639,24.93600082397461,76.52999877929688
1640,38.19900131225586,73.4219970703125
1641,59.22600173950195,57.48699951171875
1642,-75.81500244140625,-52.8849983215332
1643,-69.69400024414063,-69.10600280761719
1644,-105.88899993896484,-22.552000045776367
1645,-43.11600112915039,-72.91799926757813
1646,89.87200164794922,38.12300109863281
1647,1.5339999198913574,93.90150451660156
1648,51.18299865722656,67.5510025024414
1649,8.123000144958496,78.42500305175781
1650,45.555999755859375,69.4469985961914
1651,-112.61050415039063,-16.3439998626709
1652,-98.60200500488281,-25.804500579833984
1653,96.64799499511719,12.732500076293945
1654,-96.06199645996094,-44.145999908447266
1655,38.006500244140625,85.39799499511719
1656,51.909000396728516,56.89649963378906
1657,-63.00400161743164,85.24600219726563
1658,-47.4630012512207,89.13700103759766
1659,56.74700164794922,45.32500076293945
1660,44.28300094604492,-113.51000213623047
1661,92.46800231933594,57.64699935913086
1662,100.46099853515625,25.941999435424805
1663,77.08050537109375,63.77899932861328
1664,-92.69499969482422,-50.69499969482422
1665,-90.38600158691406,-41.16200256347656
1666,-39.21799850463867,108.25800323486328
1667,-2.8529999256134033,-107.21700286865234
1668,-82.53700256347656,-66.58100128173828
1669,78.68699645996094,57.826499938964844
1670,59.9109992980957,70.73400115966797
1671,64.55599975585938,60.819000244140625
1672,63.34700012207031,65.73899841308594
1673,-76.08000183105469,-63.64400100708008
1674,-29.958999633789063,89.24400329589844
1675,-12.491000175476074,67.36199951171875
1676,-13.456000328063965,82.20700073242188
1677,100.46700286865234,1.003999948501587
1678,33.07899856567383,78.79499816894531
1679,45.67100143432617,-100.93499755859375
1680,38.26599884033203,80.58000183105469
1681,21.6200008392334,-95.0790023803711
1682,-58.11249923706055,-76.73799896240234
1683,28.893999099731445,86.39199829101563
1684,-113.12699890136719,-37.108001708984375
1685,20.540000915527344,82.94000244140625
1686,-9.376999855041504,73.85900115966797
1687,-53.24800109863281,89.71600341796875
1688,16.76150131225586,75.50499725341797
1689,96.75399780273438,43.0
1690,51.74700164794922,-115.2614974975586
1691,24.812999725341797,92.59600067138672
1692,-102.52799987792969,-33.077999114990234
1693,7.985000133514404,95.39800262451172
1694,-98.3479995727539,-50.775001525878906
1695,-50.40399932861328,99.61100006103516
1696,93.22949981689453,33.246498107910156
1697,112.26850128173828,26.795499801635742
1698,14.26200008392334,-107.41300201416016
1699,-104.69249725341797,-53.050498962402344
1700,4.9019999504089355,-111.27100372314453
1701,-35.999000549316406,92.15499877929688
1702,-17.54199981689453,111.5989990234375
1703,35.9109992980957,-124.20899963378906
1704,-85.864501953125,-54.41450119018555
1705,99.76799774169922,55.23099899291992
1706,26.81999969482422,-107.4010009765625
1707,22.06599998474121,-118.18099975585938
1708,-19.06399917602539,91.41100311279297
1709,-5.52400016784668,86.86799621582031
1710,2.578000068664551,88.48999786376953
1711,-0.08100000023841858,101.31099700927734
1712,17.606000900268555,89.81500244140625
1713,-1.4170000553131104,79.52200317382813
1714,-62.994998931884766,96.125
1715,45.446998596191406,-122.5510025024414
1716,110.0979995727539,20.12700080871582
1717,102.13700103759766,39.39699935913086
1718,-103.34100341796875,-43.18899917602539
1719,-23.714000701904297,112.94599914550781
1720,-45.275001525878906,107.15299987792969
1721,107.81800079345703,28.6200008392334
1722,109.38999938964844,41.96200180053711
1723,123.49099731445313,42.89400100708008
1724,-35.3390007019043,113.76699829101563
1725,15.670000076293945,-101.62699890136719
1726,-24.860000610351563,86.08499908447266
1727,26.780000686645508,-111.55400085449219
1728,-10.345000267028809,95.51200103759766
1729,-120.86499786376953,-33.28200149536133
1730,114.875,44.16299819946289
1731,-84.00399780273438,-60.7599983215332
1732,31.783000946044922,-103.4729995727539
1733,-7.090000152587891,101.16699981689453
1734,-12.196000099182129,105.51599884033203
1735,107.35900115966797,14.20199966430664
1736,-120.24700164794922,-42.388999938964844
1737,117.8759994506836,31.41699981689453
1738,-111.36699676513672,-50.09700012207031
1739,-35.108001708984375,102.40799713134766
1740,-17.79199981689453,98.06900024414063
1741,-117.47599792480469,-51.4739990234375
1742,25.695999145507813,-123.61000061035156
1743,-20.665000915527344,106.06999969482422
1744,-43.018001556396484,124.97699737548828
1745,-7.374000072479248,109.89399719238281
1746,-51.29350280761719,121.885498046875
1747,-51.845001220703125,106.16500091552734
1748,-33.939998626708984,95.70999908447266
1749,-30.000999450683594,107.6709976196289
1750,-28.04199981689453,114.90299987792969
1751,-39.63600158691406,116.91000366210938
1752,-9.633000373840332,49.823001861572266
1753,53.36600112915039,-77.36799621582031
1754,-24.41900062561035,-60.840999603271484
1755,44.57899856567383,-44.67399978637695
1756,20.659000396728516,-109.08000183105469
1757,1.88100004196167,50.2760009765625
1758,-32.85300064086914,21.61199951171875
1759,72.31999969482422,49.19900131225586
1760,-50.54399871826172,2.6659998893737793
1761,-29.447999954223633,-62.334999084472656
1762,76.552001953125,-34.347999572753906
1763,109.69200134277344,21.607999801635742
1764,-33.672000885009766,-66.73999786376953
1765,35.763999938964844,-122.67900085449219
1766,-0.9670000076293945,71.677001953125
1767,116.28600311279297,32.165000915527344
1768,-36.51900100708008,44.69900131225586
1769,-27.64900016784668,37.75400161743164
1770,-1.0540000200271606,45.641998291015625
1771,43.38399887084961,47.529998779296875
1772,-31.27400016784668,67.74700164794922
1773,-102.00499725341797,-28.22800064086914
1774,-16.860000610351563,-24.479000091552734
1775,-29.05299949645996,22.18000030517578
1776,80.89399719238281,7.72599983215332
1777,-22.033000946044922,-57.345001220703125
1778,-36.5260009765625,-36.45500183105469
1779,10.965999603271484,83.33799743652344
1780,-62.26499938964844,96.73699951171875
1781,106.79399871826172,3.946000099182129
1782,47.21799850463867,-115.90399932861328
1783,-68.2239990234375,66.76399993896484
1784,10.961999893188477,-112.21199798583984
1785,34.27000045776367,-94.44000244140625
1786,90.16500091552734,59.00899887084961
1787,-10.109999656677246,105.69400024414063
1788,41.52299880981445,-58.891998291015625
1789,-94.59500122070313,-18.49799919128418
1790,-61.5620002746582,90.57099914550781
1791,-90.86399841308594,14.479000091552734
1792,-48.2859992980957,-67.36399841308594
1793,-38.90700149536133,33.119998931884766
1794,-56.452999114990234,53.720001220703125
1795,-54.78799819946289,-29.917999267578125
1796,-103.02200317382813,-13.022000312805176
1797,19.614999771118164,80.79499816894531
1798,52.625999450683594,25.82200050354004
1799,32.856998443603516,-105.59600067138672
1800,-17.825000762939453,87.55000305175781
1801,30.20599937438965,-67.06199645996094
1802,4.925000190734863,40.486000061035156
1803,-44.24100112915039,97.63400268554688
1804,-62.22200012207031,84.30799865722656
1805,-118.86399841308594,-37.654998779296875
1806,-75.2969970703125,62.56999969482422
1807,-119.66500091552734,-44.02199935913086
1808,44.01599884033203,37.625
1809,121.98999786376953,38.94599914550781
1810,-32.38999938964844,-24.211999893188477
1811,23.565000534057617,71.7969970703125
1812,56.88800048828125,-49.518001556396484
1813,-80.27100372314453,24.05299949645996
1814,-51.86399841308594,5.642000198364258
1815,1.4709999561309814,24.947999954223633
1816,42.93899917602539,-13.27400016784668
1817,6.144000053405762,-55.40399932861328
1818,-40.62099838256836,15.166999816894531
1819,58.637001037597656,-36.77199935913086
1820,51.625999450683594,3.8940000534057617
1821,-75.5530014038086,13.77400016784668
1822,37.27899932861328,-44.300498962402344
1823,-64.62300109863281,21.602500915527344
1824,58.58399963378906,-56.01599884033203
1825,70.16949462890625,-54.163002014160156
1826,58.10599899291992,-26.53700065612793
1827,8.954000473022461,-38.52299880981445
1828,21.437999725341797,-57.709999084472656
1829,51.87200164794922,15.993000030517578
1830,32.00600051879883,23.066999435424805
1831,-49.95399856567383,23.856000900268555
1832,71.29100036621094,-68.9540023803711
1833,78.79399871826172,-53.41699981689453
1834,12.576000213623047,-62.165000915527344
1835,20.884000778198242,-72.48899841308594
1836,54.766998291015625,-15.404999732971191
1837,1.8919999599456787,-42.87699890136719
1838,77.5469970703125,-36.61250305175781
1839,-8.373000144958496,24.36199951171875
1840,-53.97100067138672,-9.814000129699707
1841,-38.17449951171875,9.17549991607666
1842,50.49100112915039,-1.8450000286102295
1843,-37.66899871826172,-26.118000030517578
1844,61.59600067138672,-33.13999938964844
1845,-21.579999923706055,-17.84000015258789
1846,34.672000885009766,-19.677000045776367
1847,-7.730999946594238,-22.59600067138672
1848,61.430999755859375,-12.722000122070313
1849,-51.17300033569336,-15.15999984741211
1850,23.437000274658203,35.59199905395508
1851,-42.83049774169922,-23.09600067138672
1852,67.26499938964844,-15.180000305175781
1853,27.802000045776367,-25.476999282836914
1854,39.74800109863281,10.718000411987305
1855,-18.304000854492188,14.35200023651123
1856,21.402999877929688,-38.895999908447266
1857,69.1240005493164,-58.2140007019043
1858,43.025001525878906,-1.6109999418258667
1859,-74.17400360107422,29.17099952697754
1860,52.09400177001953,7.76800012588501
1861,15.626999855041504,-14.902999877929688
1862,-27.85300064086914,-20.31999969482422
1863,33.327999114990234,-47.32699966430664
1864,69.22000122070313,-46.33300018310547
1865,45.98699951171875,25.94099998474121
1866,-15.819999694824219,24.343000411987305
1867,58.62300109863281,3.4679999351501465
1868,15.751999855041504,-6.216000080108643
1869,27.225000381469727,-3.114000082015991
1870,7.493000030517578,-14.572999954223633
1871,4.1539998054504395,31.448999404907227
1872,16.44300079345703,-19.19099998474121
1873,18.246999740600586,20.847999572753906
1874,61.15299987792969,-7.13100004196167
1875,-0.3709999918937683,-49.63100051879883
1876,31.78499984741211,-9.741999626159668
1877,-76.73100280761719,35.26300048828125
1878,-47.02899932861328,31.267000198364258
1879,63.93199920654297,-25.388999938964844
1880,25.117000579833984,26.73200035095215
1881,-69.83149719238281,5.76099967956543
1882,-35.47850036621094,18.200000762939453
1883,72.60800170898438,-25.086000442504883
1884,59.14799880981445,7.084000110626221
1885,47.31399917602539,19.773000717163086
1886,69.11500549316406,5.941999912261963
1887,-57.788002014160156,-5.5929999351501465
1888,-27.485000610351563,17.08300018310547
1889,74.3290023803711,-31.643999099731445
1890,74.21600341796875,10.239999771118164
1891,40.428001403808594,29.62299919128418
1892,-71.62000274658203,39.38100051879883
1893,-43.30699920654297,35.75699996948242
1894,-60.70800018310547,-0.06300000101327896
1895,16.875,-70.09300231933594
1896,-100.66500091552734,10.395000457763672
1897,-5.781000137329102,29.237998962402344
1898,9.041000366210938,35.347999572753906
1899,51.569000244140625,26.101999282836914
1900,46.183998107910156,-55.59600067138672
1901,-54.4379997253418,26.5049991607666
1902,-74.10800170898438,23.541000366210938
1903,0.08299999684095383,-31.83799934387207
1904,-12.137999534606934,19.402000427246094
1905,25.37700080871582,-14.640000343322754
1906,-34.0369987487793,-36.15350341796875
1907,9.776000022888184,27.444000244140625
1908,27.496000289916992,-63.310001373291016
1909,8.559000015258789,-26.775999069213867
1910,-39.291500091552734,24.722000122070313
1911,-93.21499633789063,18.761999130249023
1912,-2.1419999599456787,-63.01599884033203
1913,66.8290023803711,-9.053999900817871
1914,35.15599822998047,-56.95199966430664
1915,-58.70199966430664,-22.06599998474121
1916,-67.8550033569336,31.753000259399414
1917,86.4000015258789,-38.35200119018555
1918,63.579498291015625,-59.65999984741211
1919,57.902000427246094,15.755999565124512
1920,-41.8489990234375,-30.416000366210938
1921,5.533999919891357,-37.5359992980957
1922,-35.176998138427734,26.43000030517578
1923,-86.52100372314453,25.514999389648438
1924,80.9800033569336,-47.29999923706055
1925,-61.72700119018555,-14.104499816894531
1926,27.625,-20.48200035095215
1927,72.60199737548828,-63.80799865722656
1928,62.3489990234375,-0.8050000071525574
1929,-8.571999549865723,-52.768001556396484
1930,-86.95899963378906,35.75400161743164
1931,-21.541000366210938,-35.98699951171875
1932,71.61900329589844,13.704999923706055
1933,74.46499633789063,-43.65999984741211
1934,15.201000213623047,29.136999130249023
1935,39.86800003051758,-54.117000579833984
1936,-22.61199951171875,-29.316999435424805
1937,-54.472999572753906,33.35900115966797
1938,67.89700317382813,-78.6510009765625
1939,18.70800018310547,41.619998931884766
1940,-10.979499816894531,-28.41699981689453
1941,44.29600143432617,-63.64899826049805
1942,-26.496000289916992,33.79600143432617
1943,-5.311500072479248,46.36199951171875
1944,43.465999603271484,33.95199966430664
1945,43.5989990234375,-47.762001037597656
1946,-85.34500122070313,16.360000610351563
1947,-74.95700073242188,4.631999969482422
1948,68.08100128173828,-36.81500244140625
1949,-68.14600372314453,-6.611000061035156
1950,-52.237998962402344,-21.15399932861328
1951,-11.335500717163086,-33.28399658203125
1952,73.28599548339844,-13.461000442504883
1953,32.61499786376953,37.22650146484375
1954,15.364999771118164,-74.96800231933594
1955,64.54299926757813,15.029999732971191
1956,4.934999942779541,-63.792999267578125
1957,-11.567000389099121,-41.50600051879883
1958,-39.507999420166016,40.7400016784668
1959,39.78900146484375,-67.61799621582031
1960,0.8059999942779541,44.862998962402344
1961,-26.041000366210938,24.076499938964844
1962,-59.61899948120117,40.236000061035156
1963,79.94099426269531,13.995500564575195
1964,-13.62399959564209,32.12799835205078
1965,-75.81400299072266,44.875999450683594
1966,76.83200073242188,5.10099983215332
1967,-14.477999687194824,-36.87300109863281
1968,56.900001525878906,32.80849838256836
1969,-77.88400268554688,14.717000007629395
1970,13.535999298095703,38.64250183105469
1971,-78.51200103759766,-9.503000259399414
1972,-12.565999984741211,-63.446998596191406
1973,51.849998474121094,37.97200012207031
1974,-62.96900177001953,33.96699905395508
1975,-33.097999572753906,-30.624000549316406
1976,13.421500205993652,-82.58799743652344
1977,-41.92900085449219,-38.803001403808594
1978,63.44300079345703,-72.00800323486328
1979,16.865999221801758,32.926998138427734
1980,-16.55900001525879,-44.845001220703125
1981,-35.051998138427734,33.64799880981445
1982,-68.10549926757813,-27.868000030517578
1983,38.52299880981445,-74.01599884033203
1984,-93.63800048828125,12.720999717712402
1985,-48.106998443603516,-35.46699905395508
1986,-78.5989990234375,9.343999862670898
1987,-49.68600082397461,-25.56999969482422
1988,67.53900146484375,25.790000915527344
1989,43.525001525878906,-74.91500091552734
1990,-22.77199935913086,-40.79750061035156
1991,21.745498657226563,51.45500183105469
1992,80.49500274658203,-31.493000030517578
1993,-80.13899993896484,37.198001861572266
1994,63.87799835205078,27.82200050354004
1995,24.46299934387207,46.951499938964844
1996,-65.47050476074219,-20.90999984741211
1997,-22.382999420166016,37.95800018310547
1998,-22.040000915527344,28.875
1999,-7.0320000648498535,-46.388999938964844
2000,69.48899841308594,19.281999588012695
2001,53.2859992980957,-68.5790023803711
2002,79.9530029296875,-21.79400062561035
2003,84.4000015258789,-23.845500946044922
2004,62.527000427246094,-78.51399993896484
2005,51.845001220703125,-59.63800048828125
2006,-54.904998779296875,39.43199920654297
2007,-67.35099792480469,-1.3880000114440918
2008,-9.470000267028809,43.05799865722656
2009,27.899999618530273,-75.44999694824219
2010,-47.42250061035156,43.698997497558594
2011,-72.45600128173828,-2.4549999237060547
2012,9.104000091552734,50.33300018310547
2013,74.79499816894531,28.883499145507813
2014,1.6339999437332153,-75.61399841308594
2015,12.024999618530273,-88.0
2016,-41.88399887084961,46.99399948120117
2017,-74.30899810791016,50.36899948120117
2018,54.720001220703125,43.191001892089844
2019,0.4580000042915344,-84.00399780273438
2020,-32.369998931884766,-41.840999603271484
2021,-64.73149871826172,49.47850036621094
2022,-18.113000869750977,-52.755001068115234
2023,24.924999237060547,-81.1989974975586
2024,-19.641000747680664,-57.694000244140625
2025,-50.31999969482422,-42.61199951171875
2026,-83.91300201416016,0.15199999511241913
2027,-87.78050231933594,-6.956500053405762
2028,-17.27750015258789,-63.29399871826172
2029,60.19900131225586,40.07699966430664
2030,37.959999084472656,41.104000091552734
2031,13.61400032043457,45.064998626708984
2032,-34.584999084472656,37.33599853515625
2033,-79.56199645996094,-27.475000381469727
2034,74.13500213623047,24.98200035095215
2035,-76.43699645996094,56.02299880981445
2036,-69.29550170898438,-19.345500946044922
2037,56.654998779296875,-74.43299865722656
2038,37.5989990234375,-82.28299713134766
2039,-7.4029998779296875,-72.53800201416016
2040,88.46099853515625,-27.988000869750977
2041,-43.34000015258789,-51.20899963378906
2042,69.83599853515625,2.2669999599456787
2043,-70.01000213623047,49.54999923706055
2044,-94.55999755859375,7.068999767303467
2045,-20.54800033569336,51.529998779296875
2046,7.619999885559082,-84.0719985961914
2047,-98.87200164794922,3.7100000381469727
2048,30.19499969482422,47.92399978637695
2049,-62.76499938964844,-26.570999145507813
2050,70.63500213623047,33.393001556396484
2051,-74.64399719238281,-8.753000259399414
2052,66.072998046875,36.856998443603516
2053,-58.29899978637695,47.33300018310547
2054,58.0620002746582,-64.447998046875
2055,80.55450439453125,-14.225500106811523
2056,-81.88899993896484,-20.267000198364258
2057,-32.16400146484375,47.32250213623047
2058,-81.69300079345703,-4.559000015258789
2059,69.02799987792969,-85.50399780273438
2060,86.5510025024414,11.994000434875488
2061,-13.680999755859375,50.88199996948242
2062,-50.39799880981445,47.380001068115234
2063,-11.568500518798828,62.53700256347656
2064,12.03600025177002,-93.12100219726563
2065,-71.86000061035156,70.74500274658203
2066,-5.53000020980835,52.48099899291992
2067,21.854999542236328,-92.06600189208984
2068,13.053999900817871,53.731998443603516
2069,43.750999450683594,45.403499603271484
2070,80.19400024414063,32.513999938964844
2071,-24.554000854492188,-45.06700134277344
2072,87.01100158691406,-16.781999588012695
2073,-37.584999084472656,58.85900115966797
2074,-57.742000579833984,-32.18000030517578
2075,-10.418000221252441,-75.7249984741211
2076,0.9020000100135803,-95.41100311279297
2077,-69.98400115966797,63.933998107910156
2078,-17.301000595092773,-69.20500183105469
2079,-41.9640007019043,-45.87200164794922
2080,-25.63800048828125,46.60100173950195
2081,-93.95099639892578,-12.0
2082,-27.31399917602539,-56.12799835205078
2083,-1.1260000467300415,-88.43900299072266
2084,-62.52199935913086,57.24800109863281
2085,85.3010025024414,0.5730000138282776
2086,82.2030029296875,21.722000122070313
2087,-4.419500350952148,-80.69049835205078
2088,-85.11100006103516,-31.91900062561035
2089,2.072999954223633,55.224998474121094
2090,58.779998779296875,50.75899887084961
2091,-71.72200012207031,-36.130001068115234
2092,36.05699920654297,52.20100021362305
2093,32.68000030517578,-85.51499938964844
2094,-31.849000930786133,55.220001220703125
2095,96.35199737548828,-24.238000869750977
2096,-74.33999633789063,-14.01200008392334
2097,49.09400177001953,-86.14299774169922
2098,-54.231998443603516,-36.64400100708008
2099,-90.66600036621094,6.446000099182129
2100,-19.54199981689453,62.54499816894531
2101,78.71199798583984,-5.677000045776367
2102,84.77300262451172,29.715999603271484
2103,-98.01300048828125,-1.7020000219345093
2104,-90.39299774169922,-19.87700080871582
2105,-52.83700180053711,52.81999969482422
2106,29.527000427246094,62.46799850463867
2107,-11.069000244140625,-88.5510025024414
2108,74.73999786376953,47.32600021362305
2109,-73.24700164794922,-40.595001220703125
2110,9.41100025177002,61.106998443603516
2111,-31.999000549316406,60.93899917602539
2112,0.9330000281333923,77.80400085449219
2113,38.08700180053711,-87.14900207519531
2114,-6.722499847412109,60.742000579833984
2115,94.48300170898438,-15.527999877929688
2116,18.87700080871582,-84.88600158691406
2117,-38.47800064086914,70.48799896240234
2118,63.84299850463867,-84.16500091552734
2119,95.5675048828125,6.444999694824219
2120,4.276000022888184,-101.38400268554688
2121,0.9940000176429749,61.720001220703125
2122,52.323001861572266,53.54399871826172
2123,-36.590999603271484,64.96900177001953
2124,-25.783000946044922,-50.64799880981445
2125,-35.375,-69.16799926757813
2126,-25.756999969482422,-66.23999786376953
2127,-52.07600021362305,-64.21499633789063
2128,66.3030014038086,47.99300003051758
2129,-64.08999633789063,74.64800262451172
2130,50.52899932861328,-76.80000305175781
2131,-66.7239990234375,-39.63249969482422
2132,-18.45199966430664,-81.18199920654297
2133,92.60299682617188,34.65599822998047
2134,26.909000396728516,66.41999816894531
2135,44.85300064086914,50.74599838256836
2136,-26.54199981689453,53.395999908447266
2137,100.00700378417969,9.154999732971191
2138,-4.281000137329102,-93.65750122070313
2139,-95.79000091552734,-26.610000610351563
2140,-19.996000289916992,72.96800231933594
2141,-86.40899658203125,-25.285999298095703
2142,-53.268001556396484,60.19599914550781
2143,85.26599884033203,-7.801000118255615
2144,-62.987998962402344,63.52399826049805
2145,-11.937000274658203,-82.34500122070313
2146,-79.14399719238281,-46.20399856567383
2147,18.07699966430664,67.43299865722656
2148,-14.888999938964844,68.91699981689453
2149,-99.52999877929688,-22.070999145507813
2150,-103.0780029296875,-36.15399932861328
2151,56.81999969482422,-84.24500274658203
2152,-102.78399658203125,-5.625
2153,-55.60100173950195,-44.316001892089844
2154,-109.5199966430664,-11.3100004196167
2155,-49.96099853515625,66.77200317382813
2156,82.11100006103516,38.347999572753906
2157,89.06500244140625,26.08099937438965
2158,-99.53099822998047,-11.487000465393066
2159,2.0179998874664307,71.77300262451172
2160,-47.00699996948242,51.81399917602539
2161,-28.572999954223633,65.38300323486328
2162,98.55299377441406,-7.847499847412109
2163,39.58100128173828,60.50699996948242
2164,-12.29800033569336,-93.78199768066406
2165,28.486000061035156,72.427001953125
2166,-70.35600280761719,-47.17399978637695
2167,16.215999603271484,-95.35700225830078
2168,49.36199951171875,-88.21399688720703
2169,-42.547000885009766,-73.30400085449219
2170,26.23900032043457,-95.92750549316406
2171,48.263999938964844,61.029998779296875
2172,101.97699737548828,-0.4950000047683716
2173,-31.986000061035156,73.54499816894531
2174,62.18600082397461,58.93600082397461
2175,-36.92300033569336,-76.6500015258789
2176,13.105999946594238,68.93900299072266
2177,-67.78500366210938,84.64399719238281
2178,-22.450000762939453,-72.56500244140625
2179,80.5459976196289,49.14899826049805
2180,-4.6529998779296875,74.95500183105469
2181,-62.44750213623047,-47.1245002746582
2182,-28.916000366210938,-83.2760009765625
2183,49.12900161743164,74.01100158691406
2184,38.54999923706055,-94.53199768066406
2185,-37.5,-64.25599670410156
2186,96.23500061035156,20.652999877929688
2187,-84.58000183105469,-38.00899887084961
2188,-29.63800048828125,-73.65899658203125
2189,101.95600128173828,27.819000244140625
2190,-29.036998748779297,78.08250427246094
2191,34.19649887084961,70.92399597167969
2192,-79.78700256347656,-35.43299865722656
2193,-92.96800231933594,-35.57899856567383
2194,56.13600158691406,-105.23899841308594
2195,87.68299865722656,43.0359992980957
2196,72.3270034790039,70.01200103759766
2197,-59.4109992980957,66.64700317382813
2198,-108.75399780273438,-27.97100067138672
2199,96.48999786376953,50.358001708984375
2200,-5.7779998779296875,83.00700378417969
2201,96.53700256347656,1.0779999494552612
2202,20.23349952697754,71.19599914550781
2203,64.68900299072266,67.78600311279297
2204,-64.36000061035156,-57.194000244140625
2205,-53.314998626708984,73.46700286865234
2206,46.380001068115234,65.35700225830078
2207,-43.2760009765625,-63.5
2208,-111.93499755859375,-19.624000549316406
2209,54.051998138427734,-95.59700012207031
2210,62.143001556396484,-91.1719970703125
2211,7.577000141143799,81.88999938964844
2212,-46.97700119018555,72.50599670410156
2213,-11.652000427246094,75.65399932861328
2214,-32.992000579833984,82.66600036621094
2215,102.71600341796875,-5.070000171661377
2216,103.88099670410156,16.420000076293945
2217,10.958000183105469,75.59400177001953
2218,16.982999801635742,-108.20500183105469
2219,38.34400177001953,66.50700378417969
2220,57.75899887084961,51.83599853515625
2221,-58.62099838256836,-64.55000305175781
2222,-0.3330000042915344,-108.447998046875
2223,-33.584999084472656,-52.683998107910156
2224,-30.31800079345703,88.66500091552734
2225,90.84200286865234,-2.0999999046325684
2226,18.357999801635742,-100.36799621582031
2227,57.237998962402344,65.91699981689453
2228,68.82599639892578,57.68299865722656
2229,-35.3489990234375,-86.62300109863281
2230,99.0780029296875,58.54899978637695
2231,-41.98749923706055,-84.23100280761719
2232,57.31700134277344,-99.29000091552734
2233,-29.40399932861328,-90.24800109863281
2234,-48.486000061035156,-85.10299682617188
2235,77.22699737548828,52.59000015258789
2236,-15.093000411987305,84.70099639892578
2237,-89.79399871826172,-44.810997009277344
2238,-103.1050033569336,-42.68600082397461
2239,92.06600189208984,49.645999908447266
2240,59.729000091552734,71.72799682617188
2241,-58.39699935913086,-59.25199890136719
2242,32.266998291015625,-92.80599975585938
2243,-21.83099937438965,-89.31999969482422
2244,-109.38899993896484,-36.9109992980957
2245,109.13200378417969,18.520000457763672
2246,-89.92950439453125,-49.53399658203125
2247,98.56199645996094,39.72249984741211
2248,-96.88200378417969,-35.854000091552734
2249,50.86199951171875,-108.67900085449219
2250,-59.638999938964844,81.39399719238281
2251,38.20500183105469,78.37799835205078
2252,108.90499877929688,27.12700080871582
2253,-38.51300048828125,78.30599975585938
2254,9.697999954223633,-109.46299743652344
2255,2.4820001125335693,87.14299774169922
2256,25.281999588012695,77.2969970703125
2257,105.7490005493164,6.211999893188477
2258,-34.81399917602539,92.43199920654297
2259,-78.62000274658203,-56.56100082397461
2260,-29.482500076293945,95.14649963378906
2261,-15.847000122070313,-98.91999816894531
2262,108.21600341796875,11.098999977111816
2263,-50.24500274658203,-74.42300415039063
2264,37.319000244140625,-102.05349731445313
2265,-12.11299991607666,88.34400177001953
2266,28.20800018310547,-104.17900085449219
2267,32.78099822998047,-99.80999755859375
2268,114.39600372314453,28.743000030517578
2269,5.220999717712402,93.41950225830078
2270,-24.270000457763672,95.18000030517578
2271,-62.952999114990234,-68.63300323486328
2272,26.382999420166016,91.66000366210938
2273,78.29299926757813,64.46600341796875
2274,49.375999450683594,80.2229995727539
2275,27.163000106811523,86.26399993896484
2276,72.78399658203125,62.92300033569336
2277,41.66400146484375,73.4260025024414
2278,30.839000701904297,83.11100006103516
2279,82.58699798583984,43.56800079345703
2280,39.810001373291016,84.33100128173828
2281,-97.85900115966797,-46.2869987487793
2282,79.78800201416016,58.12699890136719
2283,88.41700744628906,51.93050003051758
2284,-89.927001953125,-58.15800094604492
2285,-6.38700008392334,102.53849792480469
2286,16.844999313354492,83.3550033569336
2287,-106.04100036621094,-49.2140007019043
2288,43.03200149536133,-105.16200256347656
2289,-114.16450500488281,-41.360496520996094
2290,-116.19100189208984,-28.038999557495117
2291,105.97000122070313,35.759498596191406
2292,-24.43199920654297,84.53399658203125
2293,32.41600036621094,-112.76699829101563
2294,-48.975502014160156,78.2854995727539
2295,-56.77199935913086,-76.08499908447266
2296,-81.14399719238281,-63.36000061035156
2297,114.79299926757813,22.45400047302246
2298,-40.49300003051758,95.44400024414063
2299,2.4089999198913574,97.1240005493164
2300,-46.665000915527344,96.66600036621094
2301,111.94000244140625,35.78499984741211
2302,-27.599000930786133,101.81500244140625
2303,-43.8380012512207,84.39199829101563
2304,8.963000297546387,100.21299743652344
2305,-64.43499755859375,-73.86499786376953
2306,1.993499994277954,106.39749908447266
2307,27.268999099731445,-116.59600067138672
2308,89.375,58.09400177001953
2309,-4.816999912261963,90.86900329589844
2310,45.999000549316406,-110.68800354003906
2311,43.24399948120117,-98.98500061035156
2312,13.970000267028809,97.89600372314453
2313,-51.14250183105469,117.4010009765625
2314,-16.11400032043457,92.01399993896484
2315,20.867000579833984,87.88800048828125
2316,-68.36799621582031,-67.36299896240234
2317,-59.30500030517578,85.96600341796875
2318,-19.606000900268555,114.1510009765625
2319,103.125,55.45100021362305
2320,-114.2770004272461,-49.60100173950195
2321,-120.0,-34.05500030517578
2322,103.25299835205078,46.823001861572266
2323,-124.75800323486328,-38.39899826049805
2324,-20.070999145507813,98.86799621582031
2325,-55.025001525878906,101.96399688720703
2326,32.44099807739258,-120.54049682617188
2327,-35.702999114990234,106.5780029296875
2328,-9.5,97.06199645996094
2329,112.99700164794922,45.819000244140625
2330,-26.36400032043457,112.90799713134766
2331,97.15599822998047,45.51900100708008
2332,-23.493000030517578,106.77899932861328
2333,38.60499954223633,-113.81400299072266
2334,-37.93199920654297,121.37100219726563
2335,-97.48899841308594,-57.755001068115234
2336,-53.097999572753906,96.7750015258789
2337,-4.165999889373779,110.37999725341797
2338,112.58000183105469,52.07699966430664
2339,-13.121999740600586,108.83650207519531
2340,-45.60300064086914,102.88400268554688
2341,117.39099884033203,38.26599884033203
2342,124.61799621582031,48.574501037597656
2343,-40.540000915527344,103.49500274658203
2344,-85.63999938964844,-56.95500183105469
2345,-33.819000244140625,115.09100341796875
2346,-42.284000396728516,109.58699798583984
2347,123.66999816894531,43.18199920654297
2348,-47.446998596191406,111.18099975585938
2349,-40.38399887084961,117.30999755859375
2350,-22.974000930786133,119.43000030517578
2351,-47.1349983215332,124.16999816894531
